{
  "timestamp": "2025-12-14T18:06:09.452Z",
  "metrics": {
    "http_req_duration": {
      "avg": 35614.12736,
      "min": 2755.631,
      "max": 60002.886,
      "p50": 36883.844,
      "p95": 60001.535599999996,
      "p99": 0
    },
    "http_reqs": {
      "total": 25,
      "rate": 0.1666651211254434
    },
    "errors": {
      "rate": 1,
      "passes": 25,
      "fails": 0
    }
  }
}